Democrat	Republican	Other	Undecided	poll_slug	survey_house	start_date	end_date	question_text	sample_subpopulation	observations	margin_of_error	mode	partisanship	partisan_affiliation
55.0	42.0	1.0	1.0	cnn-28940	CNN	2018-11-01	2018-11-03		Likely Voters	1151	3.5	Live Phone	Nonpartisan	None
43.0	40.0		18.0	politico-morning-consult-28936	Politico/Morning Consult	2018-10-30	2018-11-02	If the election for U.S. Congress in your district was held today, which one of the following candidates are you most likely to vote for?	Registered Voters	1961	2.0	Internet	Nonpartisan	None
51.0	44.0	1.0	4.0	abc-post-28941	ABC/Post	2018-10-29	2018-11-01	If the election for the U.S. House of Representatives were being held today, would you vote for (the Democratic candidate) or (the Republican candidate) in your congressional district? Would you lean toward the(Democratic candidate) or toward the (Republican candidate)? (IF ALREADY VOTED) Did  you vote for the (Democratic candidate) or the (Republican candidate) in your congressional district?	Likely Voters	737	4.0	Live Phone	Nonpartisan	None
47.0	42.0	1.0	9.0	yougov-economist-28934	YouGov/Economist	2018-10-28	2018-10-30	If an election for U.S. Congress were being held today, who would you vote for in the district where you live?	Registered Voters	1296	2.9	Internet	Nonpartisan	None
46.0	38.0		16.0	politico-morning-consult-28935	Politico/Morning Consult	2018-10-25	2018-10-30	If the election for U.S. Congress in your district was held today, which one of the following candidates are you most likely to vote for?	Registered Voters	2543	2.0	Internet	Nonpartisan	None
49.0	42.0	3.0	6.0	ipsos-reuters-28937	Ipsos/Reuters	2018-10-24	2018-10-30	Thinking about the elections in 2018, if the election for U.S. Congress were held today, would you vote for the Democratic candidate or the Republican candidate in your district where you live?	Likely Voters	1383		Internet	Nonpartisan	None
50.0	40.0	5.0	6.0	npr-pbs-newshour-marist-28930	NPR/PBS NewsHour/Marist	2018-10-21	2018-10-23	If the 2018 election for Congress were held today, which party's candidate are you more likely to vote for in your district:	Registered Voters	738	4.4	Live Phone	Nonpartisan	None
47.0	41.0	1.0	12.0	yougov-economist-28921	YouGov/Economist	2018-10-21	2018-10-23	If an election for U.S. Congress were being held today, who would you vote for in the district where you live?	Registered Voters	1233	2.9	Internet	Nonpartisan	None
49.0	42.0	4.0	5.0	ipsos-reuters-28922	Ipsos/Reuters	2018-10-17	2018-10-23	Thinking about the elections in 2018, if the election for U.S. Congress were held today, would you vote for the Democratic candidate or the Republican candidate in your district where you live?	Likely Voters	2062		Internet	Nonpartisan	None
51.0	43.0	2.0	4.0	suffolk-usa-today-28929	Suffolk/USA Today	2018-10-18	2018-10-22	If November´s election for Congress were held today, which party´s candidate are you more likely to vote for in your congressional district - Democrat or Republican?	Registered Voters	1000	3.0	Live Phone	Nonpartisan	None
45.0	39.0		15.0	politico-morning-consult-28923	Politico/Morning Consult	2018-10-18	2018-10-19	If the election for U.S. Congress in your district was held today, which one of the following candidates are you most likely to vote for?	Registered Voters	1968	2.0	Internet	Nonpartisan	None
46.0	41.0	2.0	10.0	yougov-economist-28907	YouGov/Economist	2018-10-14	2018-10-16	If an election for U.S. Congress were being held today, who would you vote for in the district where you live?	Registered Voters	1273	2.6	Internet	Nonpartisan	None
49.0	42.0	3.0	6.0	fox-28908	FOX	2018-10-13	2018-10-16	If the election for Congress were held today, would you vote for the Democratic candidate in your district or the Republican candidate in your district? [IF UNDECIDED: Well, if you had to vote, which way would you lean?]	Likely Voters	841	3.0	Live Phone	Nonpartisan	None
51.0	40.0	4.0	6.0	ipsos-reuters-28910	Ipsos/Reuters	2018-10-10	2018-10-16	Thinking about the elections in 2018, if the election for U.S. Congress were held today, would you vote for the Democratic candidate or the Republican candidate in your district where you live?	Likely Voters	1194		Internet	Nonpartisan	None
44.0	37.0		19.0	politico-morning-consult-28909	Politico/Morning Consult	2018-10-11	2018-10-14	If the election for U.S. Congress in your district was held today, which one of the following candidates are you most likely to vote for?	Registered Voters	1959	2.0	Internet	Nonpartisan	None
55.0	42.0	0.0	3.0	abc-post-28902	ABC/Post	2018-10-08	2018-10-11	If the election for the U.S. House of Representatives were being held today, would you vote for (the Democratic candidate) or (the Republican candidate) in your congressional district? Would you lean toward the(Democratic candidate) or toward the (Republican candidate)? (IF ALREADY VOTED) Did  you vote for the (Democratic candidate) or the (Republican candidate) in your congressional district?	Likely Voters	752	4.0	Live Phone	Nonpartisan	None
47.0	41.0	1.0	11.0	yougov-economist-28897	YouGov/Economist	2018-10-07	2018-10-09	If an election for U.S. Congress were being held today, who would you vote for in the district where you live?	Registered Voters	1162	3.0	Internet	Nonpartisan	None
50.0	38.0	5.0	7.0	ipsos-reuters-28899	Ipsos/Reuters	2018-10-03	2018-10-09	Thinking about the elections in 2018, if the election for U.S. Congress were held today, would you vote for the Democratic candidate or the Republican candidate in your district where you live?	Likely Voters	2012		Internet	Nonpartisan	None
48.0	38.0		14.0	politico-morning-consult-28893	Politico/Morning Consult	2018-10-07	2018-10-07	If the election for U.S. Congress in your district was held today, which one of the following candidates are you most likely to vote for?	Registered Voters	2189	2.0	Internet	Nonpartisan	None
45.0	40.0	1.0	13.0	yougov-economist-28884	YouGov/Economist	2018-09-30	2018-10-02	If an election for U.S. Congress were being held today, who would you vote for in the district where you live?	Registered Voters	1227	2.9	Internet	Nonpartisan	None
50.0	38.0	4.0	8.0	ipsos-reuters-28896	Ipsos/Reuters	2018-09-26	2018-10-02	Thinking about the elections in 2018, if the election for U.S. Congress were held today, would you vote for the Democratic candidate or the Republican candidate in your district where you live?	Likely Voters	1840		Internet	Nonpartisan	None
50.0	38.0	3.0	9.0	kaiser-ff-28914	Kaiser FF	2018-09-19	2018-10-02	If November’s election for Congress were held today, which party’s candidate are you more likely to vote for in your district?	Registered Voters	949	4.0	Live Phone	Nonpartisan	None
49.0	42.0	0.0	8.0	quinnipiac-28880	Quinnipiac	2018-09-27	2018-09-30	If the election for the U.S. House of Representatives were being held today, would you vote for the Democratic candidate or the Republican candidate in your congressional district? (If undecided) As of today, do you lean more toward the Democratic candidate or more toward the Republican candidate?	Registered Voters	1111	3.7	Live Phone	Nonpartisan	None
43.0	36.0		21.0	politico-morning-consult-28871	Politico/Morning Consult	2018-09-28	2018-09-29	If the election for U.S. Congress in your district was held today, which one of the following candidates are you most likely to vote for?	Registered Voters	993	3.0	Internet	Nonpartisan	None
46.0	38.0	1.0	15.0	yougov-economist-28868	YouGov/Economist	2018-09-23	2018-09-25	If an election for U.S. Congress were being held today, who would you vote for in the district where you live?	Registered Voters	1238	2.9	Internet	Nonpartisan	None
48.0	41.0	3.0	7.0	ipsos-reuters-28872	Ipsos/Reuters	2018-09-19	2018-09-25	Thinking about the elections in 2018, if the election for U.S. Congress were held today, would you vote for the Democratic candidate or the Republican candidate in your district where you live?	Likely Voters	1425		Internet	Nonpartisan	None
48.0	41.0	5.0	6.0	npr-pbs-newshour-marist-28874	NPR/PBS NewsHour/Marist	2018-09-22	2018-09-24	If the 2018 election for Congress were held today, which party's candidate are you more likely to vote for in your district:	Registered Voters	802	4.3	Live Phone	Nonpartisan	None
52.0	42.0		6.0	pew-28881	Pew	2018-09-18	2018-09-24	If the elections for U.S. Congress were being held TODAY, would you vote for [RANDOMIZE: “the Republican Party’s candidate” OR “the Democratic Party’s candidate”] for Congress in your district?	Registered Voters	1439	3.0	Live Phone	Nonpartisan	None
43.0	35.0		21.0	politico-morning-consult-28870	Politico/Morning Consult	2018-09-20	2018-09-23	If the election for U.S. Congress in your district was held today, which one of the following candidates are you most likely to vote for?	Registered Voters	1966	2.0	Internet	Nonpartisan	None
51.0	42.0		6.0	gallup-28882	Gallup	2018-09-17	2018-09-23	If the elections for Congress were being held today, which party's candidate would you vote for in your Congressional district -- [ROTATED: the Democratic Party's candidate or the Republican Party's candidate]?	Registered Voters	1308	3.0	Live Phone	Nonpartisan	None
49.0	42.0	1.0	8.0	fox-28866	FOX	2018-09-16	2018-09-19	If the election for Congress were held today, would you vote for the Democratic candidate in your district or the Republican candidate in your district? [IF UNDECIDED: Well, if you had to vote, which way would you lean?]	Likely Voters	818	3.0	Live Phone	Nonpartisan	None
44.0	35.0	16.0	5.0	nbc-wsj-28865	NBC/WSJ	2018-09-16	2018-09-19	If the choice in your district had the following, would you be more likely to vote for a -- (ROTATE:) Republican candidate for Congress, a Democratic candidate for Congress -- or an independent or third-party candidate for Congress?	Registered Voters	900	3.27	Live Phone	Nonpartisan	None
45.0	41.0	1.0	12.0	yougov-economist-28856	YouGov/Economist	2018-09-16	2018-09-18	If an election for U.S. Congress were being held today, who would you vote for in the district where you live?	Registered Voters	1195	2.9	Internet	Nonpartisan	None
48.0	41.0	3.0	8.0	ipsos-reuters-28864	Ipsos/Reuters	2018-09-12	2018-09-18	Thinking about the elections in 2018, if the election for U.S. Congress were held today, would you vote for the Democratic candidate or the Republican candidate in your district where you live?	Likely Voters	1304		Internet	Nonpartisan	None
43.0	38.0		19.0	politico-morning-consult-28869	Politico/Morning Consult	2018-09-13	2018-09-16	If the election for U.S. Congress in your district was held today, which one of the following candidates are you most likely to vote for?	Registered Voters	1564	2.0	Internet	Nonpartisan	None
44.0	41.0	1.0	15.0	yougov-economist-28845	YouGov/Economist	2018-09-09	2018-09-11	If an election for U.S. Congress were being held today, who would you vote for in the district where you live?	Registered Voters	1220	2.9	Internet	Nonpartisan	None
49.0	41.0	3.0	7.0	ipsos-reuters-28850	Ipsos/Reuters	2018-09-05	2018-09-11	Thinking about the elections in 2018, if the election for U.S. Congress were held today, would you vote for the Democratic candidate or the Republican candidate in your district where you live?	Likely Voters	2012		Internet	Nonpartisan	None
52.0	38.0	0.0	9.0	quinnipiac-28857	Quinnipiac	2018-09-06	2018-09-09	If the election for the U.S. House of Representatives were being held today, would you vote for the Democratic candidate or the Republican candidate in your congressional district? (If undecided) As of today, do you lean more toward the Democratic candidate or more toward the Republican candidate?	Registered Voters	1038	3.7	Live Phone	Nonpartisan	None
45.0	35.0		19.0	politico-morning-consult-28853	Politico/Morning Consult	2018-09-06	2018-09-09	If the election for U.S. Congress in your district was held today, which one of the following candidates are you most likely to vote for?	Registered Voters	1988	2.0	Internet	Nonpartisan	None
45.0	40.0	2.0	14.0	yougov-economist-28831	YouGov/Economist	2018-09-02	2018-09-04	If an election for U.S. Congress were being held today, who would you vote for in the district where you live?	Registered Voters	1254	2.9	Internet	Nonpartisan	None
44.0	35.0	4.0	17.0	ipsos-reuters-28833	Ipsos/Reuters	2018-08-29	2018-09-04	Thinking about the elections in 2018, if the election for U.S. Congress were held today, would you vote for the Democratic candidate or the Republican candidate in your district where you live?	Registered Voters	2012		Internet	Nonpartisan	None
45.0	43.0	3.0	9.0	grinnell-selzer-28840	Grinnell/Selzer	2018-08-29	2018-09-02	If the elections for the U.S. House of Representatives were being held today, which party’s candidate would you vote for in your congressional district: The [DEMOCRATIC] candidate or the [REPUBLICAN] candidate? (If not sure, ask:) Which way are you leaning—toward the [REPUBLICAN] candidate or the [DEMOCRATIC] candidate?	Likely Voters	779		Live Phone	Nonpartisan	None
42.0	40.0		18.0	politico-morning-consult-28834	Politico/Morning Consult	2018-08-28	2018-08-31	If the election for U.S. Congress in your district was held today, which one of the following candidates are you most likely to vote for?	Registered Voters	1964	2.0	Internet	Nonpartisan	None
52.0	38.0	1.0	9.0	abc-post-28828	ABC/Post	2018-08-26	2018-08-29	If the election for the U.S. House of Representatives were being held today, would you vote for (the Democratic candidate) or (the Republican candidate) in your congressional district? Would you lean toward the (Democratic candidate) or the (Republican candidate)?	Registered Voters	879	4.0	Live Phone	Nonpartisan	None
45.0	39.0	2.0	14.0	yougov-economist-28816	YouGov/Economist	2018-08-26	2018-08-28	If an election for U.S. Congress were being held today, who would you vote for in the district where you live?	Registered Voters	1249	2.9	Internet	Nonpartisan	None
47.0	34.0	4.0	16.0	ipsos-reuters-28820	Ipsos/Reuters	2018-08-22	2018-08-28	Thinking about the elections in 2018, if the election for U.S. Congress were held today, would you vote for the Democratic candidate or the Republican candidate in your district where you live?	Registered Voters	2920		Internet	Nonpartisan	None
44.0	36.0		20.0	politico-morning-consult-28825	Politico/Morning Consult	2018-08-23	2018-08-24	If the election for U.S. Congress in your district was held today, which one of the following candidates are you most likely to vote for?	Registered Voters	1564	2.0	Internet	Nonpartisan	None
49.0	38.0	3.0	9.0	fox-28808	FOX	2018-08-19	2018-08-21	If the election for Congress were held today, would you vote for the Democratic candidate in your district or the Republican candidate in your district? [IF UNDECIDED: Well, if you had to vote, which way would you lean?]	Registered Voters	1009	3.0	Live Phone	Nonpartisan	None
44.0	38.0	1.0	17.0	yougov-economist-28801	YouGov/Economist	2018-08-19	2018-08-21	If an election for U.S. Congress were being held today, who would you vote for in the district where you live?	Registered Voters	1247	2.9	Internet	Nonpartisan	None
41.0	37.0	4.0	18.0	ipsos-reuters-28806	Ipsos/Reuters	2018-08-15	2018-08-21	Thinking about the elections in 2018, if the election for U.S. Congress were held today, would you vote for the Democratic candidate or the Republican candidate in your district where you live?	Registered Voters	1885		Internet	Nonpartisan	None
48.0	43.0	2.0	7.0	monmouth-university-28807	Monmouth University	2018-08-15	2018-08-19	If the election for U.S. Congress was held today, would you vote for the Republican or the Democratic candidate in your district?	Registered Voters	725	3.6	Live Phone	Nonpartisan	None
45.0	36.0		19.0	politico-morning-consult-28803	Politico/Morning Consult	2018-08-16	2018-08-18	If the election for U.S. Congress in your district was held today, which one of the following candidates are you most likely to vote for?	Registered Voters	1974	2.0	Internet	Nonpartisan	None
44.0	40.0	1.0	14.0	yougov-economist-28788	YouGov/Economist	2018-08-12	2018-08-14	If an election for U.S. Congress were being held today, who would you vote for in the district where you live?	Registered Voters	1250	2.9	Internet	Nonpartisan	None
45.0	36.0	4.0	15.0	ipsos-reuters-28797	Ipsos/Reuters	2018-08-08	2018-08-14	Thinking about the elections in 2018, if the election for U.S. Congress were held today, would you vote for the Democratic candidate or the Republican candidate in your district where you live?	Registered Voters	1860		Internet	Nonpartisan	None
51.0	42.0	1.0	7.0	quinnipiac-28786	Quinnipiac	2018-08-09	2018-08-13	If the election for the U.S. House of Representatives were being held today, would you vote for the Democratic candidate or the Republican candidate in your congressional district? (If undecided) As of today, do you lean more toward the Democratic candidate or more toward the Republican candidate?	Registered Voters	1175	3.4	Live Phone	Nonpartisan	None
42.0	38.0		20.0	politico-morning-consult-28789	Politico/Morning Consult	2018-08-10	2018-08-12	If the election for U.S. Congress in your district was held today, which one of the following candidates are you most likely to vote for?	Registered Voters	1994	2.0	Internet	Nonpartisan	None
52.0	41.0	3.0	5.0	cnn-28787	CNN	2018-08-09	2018-08-12	If the elections for Congress were being held today, which party's candidate would you vote for in your Congressional district?	Registered Voters	921	4.1	Live Phone	Nonpartisan	None
46.0	39.0	5.0	10.0	pew-28790	Pew	2018-07-30	2018-08-12	If the elections for U.S. Congress were being held TODAY, would you vote for [RANDOMIZE: “the Republican Party’s candidate” OR “the Democratic Party’s candidate”] for Congress in your district?	Registered Voters	4000	2.6	Live Phone	Nonpartisan	None
44.0	41.0	1.0	13.0	yougov-economist-28776	YouGov/Economist	2018-08-05	2018-08-07	If an election for U.S. Congress were being held today, who would you vote for in the district where you live?	Registered Voters	1289	2.8	Internet	Nonpartisan	None
41.0	39.0	5.0	15.0	ipsos-reuters-28777	Ipsos/Reuters	2018-08-03	2018-08-07	Thinking about the elections in 2018, if the election for U.S. Congress were held today, would you vote for the Democratic candidate or the Republican candidate in your district where you live?	Registered Voters	1479		Internet	Nonpartisan	None
42.0	36.0		22.0	politico-morning-consult-28780	Politico/Morning Consult	2018-08-02	2018-08-06	If the election for U.S. Congress in your district was held today, which one of the following candidates are you most likely to vote for?	Registered Voters	1994	2.0	Internet	Nonpartisan	None
44.0	40.0	2.0	15.0	yougov-economist-28765	YouGov/Economist	2018-07-29	2018-07-31	If an election for U.S. Congress were being held today, who would you vote for in the district where you live?	Registered Voters	1222	2.9	Internet	Nonpartisan	None
42.0	36.0	4.0	18.0	ipsos-reuters-28768	Ipsos/Reuters	2018-07-27	2018-07-31	Thinking about the elections in 2018, if the election for U.S. Congress were held today, would you vote for the Democratic candidate or the Republican candidate in your district where you live?	Registered Voters	1571		Internet	Nonpartisan	None
44.0	37.0		19.0	politico-morning-consult-28770	Politico/Morning Consult	2018-07-26	2018-07-30	If the election for U.S. Congress in your district was held today, which one of the following candidates are you most likely to vote for?	Registered Voters	1993	2.0	Internet	Nonpartisan	None
44.0	38.0	3.0	16.0	yougov-economist-28754	YouGov/Economist	2018-07-22	2018-07-24	If an election for U.S. Congress were being held today, who would you vote for in the district where you live?	Registered Voters	1203	3.0	Internet	Nonpartisan	None
42.0	37.0	4.0	17.0	ipsos-reuters-28756	Ipsos/Reuters	2018-07-20	2018-07-24	Thinking about the elections in 2018, if the election for U.S. Congress were held today, would you vote for the Democratic candidate or the Republican candidate in your district where you live?	Registered Voters	1165		Internet	Nonpartisan	None
41.0	38.0		21.0	politico-morning-consult-28758	Politico/Morning Consult	2018-07-19	2018-07-23	If the election for U.S. Congress in your district was held today, which one of the following candidates are you most likely to vote for?	Registered Voters	1996	2.0	Internet	Nonpartisan	None
51.0	39.0	0.0	10.0	quinnipiac-28753	Quinnipiac	2018-07-18	2018-07-23	If the election for the U.S. House of Representatives were being held today, would you vote for the Democratic candidate or the Republican candidate in your congressional district? (If undecided) As of today, do you lean more toward the Democratic candidate or more toward the Republican candidate?	Registered Voters	1177	3.5	Live Phone	Nonpartisan	None
47.0	40.0	7.0	7.0	npr-pbs-newshour-marist-28755	NPR/PBS NewsHour/Marist	2018-07-19	2018-07-22	If the 2018 election for Congress were held today, which party's candidate are you more likely to vote for in your district:	Registered Voters	923	3.8	Live Phone	Nonpartisan	None
49.0	37.0	2.0	12.0	kaiser-ff-28799	Kaiser FF	2018-07-17	2018-07-22	If November’s (the 2018) election for Congress were held today, which party’s candidate are you more likely to vote for in your district?	Registered Voters	927	4.0	Live Phone	Nonpartisan	None
45.0	37.0	2.0	16.0	yougov-economist-28741	YouGov/Economist	2018-07-15	2018-07-17	If an election for U.S. Congress were being held today, who would you vote for in the district where you live?	Registered Voters	1272	3.0	Internet	Nonpartisan	None
44.0	35.0	5.0	17.0	ipsos-reuters-28744	Ipsos/Reuters	2018-07-13	2018-07-17	Thinking about the elections in 2018, if the election for U.S. Congress were held today, would you vote for the Democratic candidate or the Republican candidate in your district where you live?	Registered Voters	2357		Internet	Nonpartisan	None
45.0	37.0		18.0	politico-morning-consult-28740	Politico/Morning Consult	2018-07-13	2018-07-14	If the election for U.S. Congress in your district was held today, which one of the following candidates are you most likely to vote for?	Registered Voters	1999	2.0	Internet	Nonpartisan	None
48.0	40.0	4.0	7.0	fox-28731	FOX	2018-07-09	2018-07-11	If the election for Congress were held today, would you vote for the Democratic candidate in your district or the Republican candidate in your district? [IF UNDECIDED: Well, if you had to vote, which way would you lean?]	Registered Voters	1007	3.0	Live Phone	Nonpartisan	None
42.0	38.0	2.0	18.0	yougov-economist-28729	YouGov/Economist	2018-07-08	2018-07-10	If an election for U.S. Congress were being held today, who would you vote for in the district where you live?	Registered Voters	1246	2.9	Internet	Nonpartisan	None
42.0	37.0		21.0	politico-morning-consult-28739	Politico/Morning Consult	2018-07-06	2018-07-10	If the election for U.S. Congress in your district was held today, which one of the following candidates are you most likely to vote for?	Registered Voters	1999	2.0	Internet	Nonpartisan	None
47.0	34.0	5.0	14.0	ipsos-reuters-28738	Ipsos/Reuters	2018-07-06	2018-07-10	Thinking about the elections in 2018, if the election for U.S. Congress were held today, would you vote for the Democratic candidate or the Republican candidate in your district where you live?	Registered Voters	1295		Internet	Nonpartisan	None
42.0	38.0	1.0	18.0	yougov-economist-28716	YouGov/Economist	2018-07-01	2018-07-03	If an election for U.S. Congress were being held today, who would you vote for in the district where you live?	Registered Voters	1263	2.9	Internet	Nonpartisan	None
44.0	34.0	5.0	17.0	ipsos-reuters-28721	Ipsos/Reuters	2018-06-28	2018-07-02	Thinking about the elections in 2018, if the election for U.S. Congress were held today, would you vote for the Democratic candidate or the Republican candidate in your district where you live?	Registered Voters	2252		Internet	Nonpartisan	None
47.0	37.0		17.0	washington-post-schar-school-28715	Washington Post/Schar School	2018-06-27	2018-07-02		Registered Voters	1302	5.0	Live Phone/Online	Nonpartisan	None
43.0	40.0		17.0	nbc-surveymonkey-28720	NBC/SurveyMonkey	2018-06-27	2018-07-01	If the 2018 November elections for U.S. Congress were being held today, in your district, would you vote for the:	Adults	2652	2.5	Internet	Nonpartisan	None
50.0	41.0	1.0	8.0	quinnipiac-28707	Quinnipiac	2018-06-27	2018-07-01	If the election for the U.S. House of Representatives were being held today, would you vote for the Democratic candidate or the Republican candidate in your congressional district? (If undecided) As of today, do you lean more toward the Democratic candidate or more toward the Republican candidate?	Registered Voters	905	3.9	Live Phone	Nonpartisan	None
43.0	35.0		22.0	politico-morning-consult-28722	Politico/Morning Consult	2018-06-28	2018-06-29	If the election for U.S. Congress in your district was held today, which one of the following candidates are you most likely to vote for?	Registered Voters	1990	2.0	Internet	Nonpartisan	None
43.0	38.0	1.0	18.0	yougov-economist-28697	YouGov/Economist	2018-06-24	2018-06-26	If an election for U.S. Congress were being held today, who would you vote for in the district where you live?	Registered Voters	1278	2.9	Internet	Nonpartisan	None
41.0	38.0	4.0	17.0	ipsos-reuters-28699	Ipsos/Reuters	2018-06-22	2018-06-26	Thinking about the elections in 2018, if the election for U.S. Congress were held today, would you vote for the Democratic candidate or the Republican candidate in your district where you live?	Registered Voters	1199		Internet	Nonpartisan	None
45.0	36.0	4.0	15.0	harris-harvard-28737	Harris/Harvard	2018-06-24	2018-06-25	If the 2018 midterms were held today, would you vote for the Democratic or Republican candidate in your district?	Registered Voters	1448		Internet	Nonpartisan	None
44.0	37.0		19.0	politico-morning-consult-28703	Politico/Morning Consult	2018-06-22	2018-06-24	If the election for U.S. Congress in your district was held today, which one of the following candidates are you most likely to vote for?	Registered Voters	1989	2.0	Internet	Nonpartisan	None
44.0	37.0	1.0	17.0	yougov-economist-28682	YouGov/Economist	2018-06-17	2018-06-19	If an election for U.S. Congress were being held today, who would you vote for in the district where you live?	Registered Voters	1272	2.9	Internet	Nonpartisan	None
42.0	36.0	4.0	18.0	ipsos-reuters-28688	Ipsos/Reuters	2018-06-15	2018-06-19	Thinking about the elections in 2018, if the election for U.S. Congress were held today, would you vote for the Democratic candidate or the Republican candidate in your district where you live?	Registered Voters	1604		Internet	Nonpartisan	None
45.0	39.0		16.0	suffolk-usa-today-28693	Suffolk/USA Today	2018-06-13	2018-06-18	If November’s election for Congress were held today, which party’s candidate are you more likely to vote for in your congressional district – (ROTATE) Democrat or Republican?	Registered Voters	1000	3.0	Live Phone	Nonpartisan	None
50.0	42.0	2.0	7.0	cnn-28687	CNN	2018-06-14	2018-06-17	If the elections for Congress were being held today, which party's candidate would you vote for in your Congressional district?	Registered Voters	901	3.9	Live Phone	Nonpartisan	None
48.0	43.0		9.0	gallup-28694	Gallup	2018-06-11	2018-06-17	If the elections for Congress were being held today, which party's candidate would you vote for in your Congressional district -- [ROTATED: the Democratic Party's candidate or the Republican Party's candidate]?	Registered Voters	1346	3.0	Live Phone	Nonpartisan	None
48.0	41.0	3.0	8.0	monmouth-university-28683	Monmouth University	2018-06-12	2018-06-13	If the election for U.S. Congress was held today, would you vote for the Republican or the Democratic candidate in your district?	Registered Voters	711	3.7	Live Phone	Nonpartisan	None
43.0	37.0	2.0	18.0	yougov-economist-28668	YouGov/Economist	2018-06-10	2018-06-12	If an election for U.S. Congress were being held today, who would you vote for in the district where you live?	Registered Voters	1308	2.8	Internet	Nonpartisan	None
45.0	35.0	4.0	16.0	ipsos-reuters-28669	Ipsos/Reuters	2018-06-08	2018-06-12	Thinking about the elections in 2018, if the election for U.S. Congress were held today, would you vote for the Democratic candidate or the Republican candidate in your district where you live?	Registered Voters	1265		Internet	Nonpartisan	None
48.0	43.0		8.0	pew-28686	Pew	2018-06-05	2018-06-12	If the elections for U.S. Congress were being held TODAY, would you vote for [RANDOMIZE: “the Republican Party’s candidate” OR “the Democratic Party’s candidate”] for Congress in your district?	Registered Voters	1608	2.9	Live Phone	Nonpartisan	None
46.0	40.0		14.0	ppp-d-28670	PPP (D)	2018-06-08	2018-06-10	Generally speaking if there was an election for Congress today, would you vote for the Democratic or Republican candidate from your district?	Likely Voters	679	3.8	IVR/Online	Pollster	Dem
48.0	39.0	3.0	11.0	fox-28660	FOX	2018-06-03	2018-06-06	If the election for Congress were held today, would you vote for the Democratic candidate in your district or the Republican candidate in your district? [IF UNDECIDED: Well, if you had to vote, which way would you lean?]	Registered Voters	1001	3.0	Live Phone	Nonpartisan	None
44.0	38.0	2.0	16.0	yougov-economist-28654	YouGov/Economist	2018-06-03	2018-06-05	If an election for U.S. Congress were being held today, who would you vote for in the district where you live?	Registered Voters	1292	2.9	Internet	Nonpartisan	None
43.0	32.0	5.0	19.0	ipsos-reuters-28665	Ipsos/Reuters	2018-06-01	2018-06-05	Thinking about the elections in 2018, if the election for U.S. Congress were held today, would you vote for the Democratic candidate or the Republican candidate in your district where you live?	Registered Voters	1265		Internet	Nonpartisan	None
44.0	37.0		20.0	politico-morning-consult-28657	Politico/Morning Consult	2018-05-31	2018-06-04	If the election for U.S. Congress in your district was held today, which one of the following candidates are you most likely to vote for?	Registered Voters	1990	2.0	Internet	Nonpartisan	None
49.0	42.0		9.0	gwu-yougov-28671	GWU/YouGov	2018-05-14	2018-05-30	If an election for U.S. Congress were being held today, who would you vote for in the district where you live? [If “other,” “not sure,” or “would not vote”: If you had to choose, would you lean more toward the Republican Party candidate or the Democratic Party candidate?]	Registered Voters	3150	2.0	Internet	Nonpartisan	None
42.0	39.0	2.0	17.0	yougov-economist-28644	YouGov/Economist	2018-05-27	2018-05-29	If an election for U.S. Congress were being held today, who would you vote for in the district where you live?	Registered Voters	1279	2.9	Internet	Nonpartisan	None
39.0	37.0	5.0	19.0	ipsos-reuters-28646	Ipsos/Reuters	2018-05-25	2018-05-29	Thinking about the elections in 2018, if the election for U.S. Congress were held today, would you vote for the Democratic candidate or the Republican candidate in your district where you live?	Registered Voters	1080		Internet	Nonpartisan	None
42.0	37.0		22.0	politico-morning-consult-28645	Politico/Morning Consult	2018-05-23	2018-05-29	If the election for U.S. Congress in your district was held today, which one of the following candidates are you most likely to vote for?	Registered Voters	1995	2.0	Internet	Nonpartisan	None
44.0	37.0	4.0	15.0	harris-harvard-28655	Harris/Harvard	2018-05-21	2018-05-22	If the 2018 midterms were held today, would you vote for the Democratic or Republican candidate in your district?	Registered Voters	1347		Internet	Nonpartisan	None
43.0	38.0	2.0	18.0	yougov-economist-28636	YouGov/Economist	2018-05-20	2018-05-22	If an election for U.S. Congress were being held today, who would you vote for in the district where you live?	Registered Voters	1263	2.9	Internet	Nonpartisan	None
40.0	37.0	4.0	19.0	ipsos-reuters-28637	Ipsos/Reuters	2018-05-18	2018-05-22	Thinking about the elections in 2018, if the election for U.S. Congress were held today, would you vote for the Democratic candidate or the Republican candidate in your district where you live?	Registered Voters	1080		Internet	Nonpartisan	None
42.0	36.0		22.0	politico-morning-consult-28642	Politico/Morning Consult	2018-05-17	2018-05-19	If the election for U.S. Congress in your district was held today, which one of the following candidates are you most likely to vote for?	Registered Voters	1990	2.0	Internet	Nonpartisan	None
42.0	37.0	2.0	20.0	yougov-economist-28627	YouGov/Economist	2018-05-13	2018-05-15	If an election for U.S. Congress were being held today, who would you vote for in the district where you live?	Registered Voters	1231	2.9	Internet	Nonpartisan	None
38.0	37.0	6.0	19.0	ipsos-reuters-28628	Ipsos/Reuters	2018-05-11	2018-05-15	Thinking about the elections in 2018, if the election for U.S. Congress were held today, would you vote for the Democratic candidate or the Republican candidate in your district where you live?	Registered Voters	1290		Internet	Nonpartisan	None
43.0	38.0		19.0	politico-morning-consult-28630	Politico/Morning Consult	2018-05-10	2018-05-14	If the election for U.S. Congress in your district was held today, which one of the following candidates are you most likely to vote for?	Registered Voters	1998	2.0	Internet	Nonpartisan	None
44.0	35.0	2.0	19.0	yougov-economist-28612	YouGov/Economist	2018-05-06	2018-05-08	If an election for U.S. Congress were being held today, who would you vote for in the district where you live?	Registered Voters	1232	3.0	Internet	Nonpartisan	None
39.0	38.0	5.0	19.0	ipsos-reuters-28618	Ipsos/Reuters	2018-05-04	2018-05-08	Thinking about the elections in 2018, if the election for U.S. Congress were held today, would you vote for the Democratic candidate or the Republican candidate in your district where you live?	Registered Voters	1171		Internet	Nonpartisan	None
42.0	35.0		23.0	politico-morning-consult-28620	Politico/Morning Consult	2018-05-03	2018-05-07	If the election for U.S. Congress in your district was held today, which one of the following candidates are you most likely to vote for?	Registered Voters	1992	2.0	Internet	Nonpartisan	None
47.0	44.0	4.0	4.0	cnn-28613	CNN	2018-05-02	2018-05-05	If the elections for Congress were being held today, which party's candidate would you vote for in your Congressional district?	Registered Voters	901	3.8	Live Phone	Nonpartisan	None
42.0	39.0	1.0	17.0	yougov-economist-28598	YouGov/Economist	2018-04-29	2018-05-01	If an election for U.S. Congress were being held today, who would you vote for in the district where you live?	Registered Voters	1273	2.9	Internet	Nonpartisan	None
43.0	37.0	4.0	15.0	ipsos-reuters-28605	Ipsos/Reuters	2018-04-27	2018-05-01	Thinking about the elections in 2018, if the election for U.S. Congress were held today, would you vote for the Democratic candidate or the Republican candidate in your district where you live?	Registered Voters	1337		Internet	Nonpartisan	None
43.0	34.0		23.0	politico-morning-consult-28602	Politico/Morning Consult	2018-04-26	2018-05-01	If the election for U.S. Congress in your district was held today, which one of the following candidates are you most likely to vote for?	Registered Voters	1991	2.0	Internet	Nonpartisan	None
48.0	43.0		9.0	pew-28601	Pew	2018-04-25	2018-05-01	If the elections for U.S. Congress were being held TODAY, would you vote for [RANDOMIZE: “the Republican Party’s candidate” OR “the Democratic Party’s candidate”] for Congress in your district?	Registered Voters	1221		Live Phone	Nonpartisan	None
49.0	41.0	2.0	8.0	monmouth-university-28600	Monmouth University	2018-04-26	2018-04-30	If the election for U.S. Congress was held today, would you vote for the Republican or the Democratic candidate in your district?	Registered Voters	681	3.8	Live Phone	Nonpartisan	None
46.0	38.0	2.0	14.0	kaiser-ff-28708	Kaiser FF	2018-04-20	2018-04-30	If November’s (the 2018) election for Congress were held today, which party’s candidate are you more likely to vote for in your district?	Registered Voters	1655	3.0	Live Phone	Nonpartisan	None
43.0	34.0	5.0	17.0	harris-harvard-28626	Harris/Harvard	2018-04-22	2018-04-24	If the 2018 midterms were held today, would you vote for the Democratic or Republican candidate in your district?	Registered Voters	1549		Internet	Nonpartisan	None
43.0	38.0	2.0	18.0	yougov-economist-28585	YouGov/Economist	2018-04-22	2018-04-24	If an election for U.S. Congress were being held today, who would you vote for in the district where you live?	Registered Voters	1270	2.9	Internet	Nonpartisan	None
45.0	34.0	4.0	18.0	ipsos-reuters-28589	Ipsos/Reuters	2018-04-20	2018-04-24	Thinking about the elections in 2018, if the election for U.S. Congress were held today, would you vote for the Democratic candidate or the Republican candidate in your district where you live?	Registered Voters	1248		Internet	Nonpartisan	None
44.0	35.0		21.0	politico-morning-consult-28587	Politico/Morning Consult	2018-04-19	2018-04-23	If the election for U.S. Congress in your district was held today, which one of the following candidates are you most likely to vote for?	Registered Voters	1993	2.0	Internet	Nonpartisan	None
43.0	38.0	2.0	17.0	yougov-economist-28574	YouGov/Economist	2018-04-15	2018-04-17	If an election for U.S. Congress were being held today, who would you vote for in the district where you live?	Registered Voters	1274	2.9	Internet	Nonpartisan	None
44.0	34.0	4.0	17.0	ipsos-reuters-28575	Ipsos/Reuters	2018-04-13	2018-04-17	Thinking about the elections in 2018, if the election for U.S. Congress were held today, would you vote for the Democratic candidate or the Republican candidate in your district where you live?	Registered Voters	1238		Internet	Nonpartisan	None
44.0	39.0	8.0	9.0	npr-pbs-newshour-marist-28577	NPR/PBS NewsHour/Marist	2018-04-10	2018-04-13	If the 2018 election for Congress were held today, which party's candidate are you more likely to vote for in your district:	Registered Voters	827	3.9	Live Phone	Nonpartisan	None
47.0	43.0	1.0	8.0	abc-post-28571	ABC/Post	2018-04-08	2018-04-11	If the election for the U.S. House of Representatives were being held today, would you vote for (the Democratic candidate) or (the Republican candidate) in your congressional district? Would you lean toward the (Democratic candidate) or toward the (Republican candidate)?	Registered Voters	865	4.0	Live Phone	Nonpartisan	None
44.0	36.0	2.0	18.0	yougov-economist-28561	YouGov/Economist	2018-04-08	2018-04-10	If an election for U.S. Congress were being held today, who would you vote for in the district where you live?	Registered Voters	1292	2.9	Internet	Nonpartisan	None
38.0	30.0	5.0	28.0	ipsos-reuters-28564	Ipsos/Reuters	2018-04-06	2018-04-10	Thinking about the elections in 2018, if the election for U.S. Congress were held today, would you vote for the Democratic candidate or the Republican candidate in your district where you live?	Registered Voters	1219		Internet	Nonpartisan	None
42.0	36.0		22.0	politico-morning-consult-28566	Politico/Morning Consult	2018-04-05	2018-04-07	If the election for U.S. Congress in your district was held today, which one of the following candidates are you most likely to vote for?	Registered Voters	1994	2.0	Internet	Nonpartisan	None
43.0	36.0	2.0	19.0	yougov-economist-28550	YouGov/Economist	2018-04-01	2018-04-03	If an election for U.S. Congress were being held today, who would you vote for in the district where you live?	Registered Voters	1246	2.9	Internet	Nonpartisan	None
43.0	34.0	5.0	18.0	ipsos-reuters-28553	Ipsos/Reuters	2018-03-30	2018-04-03	Thinking about the elections in 2018, if the election for U.S. Congress were held today, would you vote for the Democratic candidate or the Republican candidate in your district where you live?	Registered Voters	1519		Internet	Nonpartisan	None
41.0	37.0		21.0	politico-morning-consult-28552	Politico/Morning Consult	2018-03-29	2018-04-01	If the election for U.S. Congress in your district was held today, which one of the following candidates are you most likely to vote for?	Registered Voters	1997	2.0	Internet	Nonpartisan	None
41.0	37.0		22.0	politico-morning-consult-28540	Politico/Morning Consult	2018-03-26	2018-03-27	If the election for U.S. Congress in your district was held today, which one of the following candidates are you most likely to vote for?	Registered Voters	1997	2.0	Internet	Nonpartisan	None
42.0	35.0	3.0	20.0	yougov-economist-28539	YouGov/Economist	2018-03-25	2018-03-27	If an election for U.S. Congress were being held today, who would you vote for in the district where you live?	Registered Voters	1330	2.8	Internet	Nonpartisan	None
42.0	35.0	4.0	18.0	ipsos-reuters-28542	Ipsos/Reuters	2018-03-23	2018-03-27	Thinking about the elections in 2018, if the election for U.S. Congress were held today, would you vote for the Democratic candidate or the Republican candidate in your district where you live?	Registered Voters	1337		Internet	Nonpartisan	None
50.0	39.0		11.0	ppp-d-28532	PPP (D)	2018-03-23	2018-03-25	Generally speaking if there was an election for Congress today, would you vote for the Democratic or Republican candidate from your district?	Likely Voters	846	3.4	IVR/Online	Pollster	Dem
50.0	44.0	2.0	5.0	cnn-28543	CNN	2018-03-22	2018-03-25	If the elections for Congress were being held today, which party's candidate would you vote for in your Congressional district?	Registered Voters	913	3.8	Live Phone	Nonpartisan	None
44.0	39.0		18.0	marist-28530	Marist	2018-03-19	2018-03-21	If November's election for Congress were held today, which party's candidate are you more likely to vote for in your district:	Registered Voters	1015	3.4	Live Phone	Nonpartisan	None
46.0	41.0	3.0	10.0	fox-28526	FOX	2018-03-18	2018-03-21	If the election for Congress were held today, would you vote for [ROTATE] the Democratic candidate in your district or the Republican candidate in your district? [IF UNDECIDED: Well, if you had to vote, which way would you lean?]	Registered Voters	1914	3.0	Live Phone	Nonpartisan	None
44.0	38.0	2.0	16.0	yougov-economist-28519	YouGov/Economist	2018-03-18	2018-03-20	If an election for U.S. Congress were being held today, who would you vote for in the district where you live?	Registered Voters	1284	2.9	Internet	Nonpartisan	None
40.0	37.0	5.0	17.0	ipsos-reuters-28520	Ipsos/Reuters	2018-03-16	2018-03-20	Thinking about the elections in 2018, if the election for U.S. Congress were held today, would you vote for the Democratic candidate or the Republican candidate in your district where you live?	Registered Voters	1337		Internet	Nonpartisan	None
42.0	38.0		20.0	politico-morning-consult-28521	Politico/Morning Consult	2018-03-15	2018-03-19	If the election for U.S. Congress in your district was held today, which one of the following candidates are you most likely to vote for?	Registered Voters	1994	2.0	Internet	Nonpartisan	None
43.0	38.0	2.0	16.0	yougov-economist-28505	YouGov/Economist	2018-03-10	2018-03-13	If an election for U.S. Congress were being held today, who would you vote for in the district where you live?	Registered Voters	1291	2.8	Internet	Nonpartisan	None
38.0	30.0	5.0	28.0	ipsos-reuters-28506	Ipsos/Reuters	2018-03-09	2018-03-13	Thinking about the elections in 2018, if the election for U.S. Congress were held today, would you vote for the Democratic candidate or the Republican candidate in your district where you live?	Adults	1411		Internet	Nonpartisan	None
43.0	36.0		21.0	politico-morning-consult-28507	Politico/Morning Consult	2018-03-08	2018-03-12	If the election for U.S. Congress in your district was held today, which one of the following candidates are you most likely to vote for?	Registered Voters	1997	2.0	Internet	Nonpartisan	None
49.0	40.0		12.0	gwu-battleground-28503	GWU/Battleground	2018-03-04	2018-03-08	If the election for Congress were being held today, and you had to make a choice, would you be voting for the Republican candidate or the Democrat candidate, in your district?	Registered Voters	1000	3.1	Live Phone	Nonpartisan	None
43.0	37.0	2.0	18.0	yougov-economist-28491	YouGov/Economist	2018-03-04	2018-03-06	If an election for U.S. Congress were being held today, who would you vote for in the district where you live?	Registered Voters	1310	2.9	Internet	Nonpartisan	None
38.0	31.0	4.0	26.0	ipsos-reuters-28497	Ipsos/Reuters	2018-03-02	2018-03-06	Thinking about the elections in 2018, if the election for U.S. Congress were held today, would you vote for the Democratic candidate or the Republican candidate in your district where you live?	Adults	2927		Internet	Nonpartisan	None
50.0	41.0	3.0	8.0	monmouth-university-28493	Monmouth University	2018-03-02	2018-03-05	If the election for U.S. Congress was held today, would you vote for the Republican or the Democratic candidate in your district?	Registered Voters	708	3.7	Live Phone	Nonpartisan	None
44.0	37.0		19.0	politico-morning-consult-28494	Politico/Morning Consult	2018-03-01	2018-03-05	If the election for U.S. Congress in your district was held today, which one of the following candidates are you most likely to vote for?	Registered Voters	1991	2.0	Internet	Nonpartisan	None
40.0	38.0	2.0	19.0	yougov-economist-28480	YouGov/Economist	2018-02-25	2018-02-27	If an election for U.S. Congress were being held today, who would you vote for in the district where you live?	Registered Voters	1296	2.9	Internet	Nonpartisan	None
37.0	31.0	6.0	25.0	ipsos-reuters-28484	Ipsos/Reuters	2018-02-23	2018-02-27	Thinking about the elections in 2018, if the election for U.S. Congress were held today, would you vote for the Democratic candidate or the Republican candidate in your district where you live?	Adults	1651		Internet	Nonpartisan	None
41.0	39.0		20.0	politico-morning-consult-28481	Politico/Morning Consult	2018-02-22	2018-02-26	If the election for U.S. Congress in your district was held today, which one of the following candidates are you most likely to vote for?	Registered Voters	1992	2.0	Internet	Nonpartisan	None
47.0	32.0		20.0	suffolk-usa-today-28476	Suffolk/USA Today	2018-02-20	2018-02-24	If November’s election for Congress were held today, which party’s candidate are you more likely to vote for in your congressional district – (ROTATE) Democrat or Republican?	Registered Voters	1000	3.0	Live Phone	Nonpartisan	None
54.0	38.0	3.0	5.0	cnn-28475	CNN	2018-02-20	2018-02-23	If the elections for Congress were being held today, which party's candidate would you vote for in your Congressional district?	Registered Voters	909	3.9	Live Phone	Nonpartisan	None
46.0	39.0	6.0	10.0	marist-28468	Marist	2018-02-20	2018-02-21	If the 2018 election for Congress were held today, which party's candidate are you more likely to vote for in your district:	Registered Voters	819	4.0	Live Phone	Nonpartisan	None
43.0	35.0	2.0	19.0	yougov-economist-28463	YouGov/Economist	2018-02-18	2018-02-20	If an election for U.S. Congress were being held today, who would you vote for in the district where you live?	Registered Voters	1308	2.8	Internet	Nonpartisan	None
38.0	30.0	4.0	29.0	ipsos-reuters-28465	Ipsos/Reuters	2018-02-16	2018-02-20	Thinking about the elections in 2018, if the election for U.S. Congress were held today, would you vote for the Democratic candidate or the Republican candidate in your district where you live?	Adults	1104		Internet	Nonpartisan	None
42.0	38.0	2.0	18.0	yougov-economist-28452	YouGov/Economist	2018-02-11	2018-02-13	If an election for U.S. Congress were being held today, who would you vote for in the district where you live?	Registered Voters	1280	2.9	Internet	Nonpartisan	None
39.0	30.0	4.0	27.0	ipsos-reuters-28454	Ipsos/Reuters	2018-02-09	2018-02-13	Thinking about the elections in 2018, if the election for U.S. Congress were held today, would you vote for the Democratic candidate or the Republican candidate in your district where you live?	Adults	1515		Internet	Nonpartisan	None
38.0	39.0		23.0	politico-morning-consult-28453	Politico/Morning Consult	2018-02-08	2018-02-12	If the election for U.S. Congress in your district was held today, which one of the following candidates are you most likely to vote for?	Registered Voters	1985	2.0	Internet	Nonpartisan	None
49.0	41.0		10.0	ppp-d-28472	PPP (D)	2018-02-09	2018-02-11	Generally speaking if there was an election for Congress today, would you vote for the Democratic or Republican candidate from your district?	Likely Voters	687	3.7	IVR/Online	Pollster	Dem
49.0	38.0	5.0	8.0	marist-28446	Marist	2018-02-05	2018-02-07	If the 2018 election for Congress were held today, which party's candidate are you more likely to vote for in your district:	Registered Voters	807	4.1	Live Phone	Nonpartisan	None
43.0	37.0	2.0	17.0	yougov-economist-28439	YouGov/Economist	2018-02-04	2018-02-06	If an election for U.S. Congress were being held today, who would you vote for in the district where you live?	Registered Voters	1320	2.8	Internet	Nonpartisan	None
38.0	31.0	5.0	26.0	ipsos-reuters-28443	Ipsos/Reuters	2018-02-02	2018-02-06	Thinking about the elections in 2018, if the election for U.S. Congress were held today, would you vote for the Democratic candidate or the Republican candidate in your district where you live?	Adults	3110		Internet	Nonpartisan	None
42.0	38.0		19.0	politico-morning-consult-28441	Politico/Morning Consult	2018-02-01	2018-02-04	If the election for U.S. Congress in your district was held today, which one of the following candidates are you most likely to vote for?	Registered Voters	1985	2.0	Internet	Nonpartisan	None
45.0	39.0		16.0	nbc-surveymonkey-28433	NBC/SurveyMonkey	2018-01-30	2018-02-01	If the November 2018 elections for U.S. Congress were being held today, in your district, would you vote for the:	Adults	4424	2.0	Internet	Nonpartisan	None
47.0	45.0	3.0	5.0	monmouth-university-28425	Monmouth University	2018-01-28	2018-01-30	If the election for U.S. Congress was held today, would you vote for the Republican or the Democratic candidate in your district?	Registered Voters	711	3.7	Live Phone	Nonpartisan	None
42.0	37.0	2.0	19.0	yougov-economist-28424	YouGov/Economist	2018-01-28	2018-01-30	If an election for U.S. Congress were being held today, who would you vote for in the district where you live?	Registered Voters	1264	2.9	Internet	Nonpartisan	None
37.0	31.0	4.0	27.0	ipsos-reuters-28429	Ipsos/Reuters	2018-01-26	2018-01-30	Thinking about the elections in 2018, if the election for U.S. Congress were held today, would you vote for the Democratic candidate or the Republican candidate in your district where you live?	Adults	2981		Internet	Nonpartisan	None
41.0	37.0	3.0	18.0	yougov-economist-28412	YouGov/Economist	2018-01-21	2018-01-23	If an election for U.S. Congress were being held today, who would you vote for in the district where you live?	Registered Voters	1301	2.9	Internet	Nonpartisan	None
38.0	30.0	4.0	27.0	ipsos-reuters-28417	Ipsos/Reuters	2018-01-19	2018-01-23	Thinking about the elections in 2018, if the election for U.S. Congress were held today, would you vote for the Democratic candidate or the Republican candidate in your district where you live?	Adults	2981		Internet	Nonpartisan	None
43.0	37.0		20.0	politico-morning-consult-28426	Politico/Morning Consult	2018-01-20	2018-01-21	If the election for U.S. Congress in your district was held today, which one of the following candidates are you most likely to vote for?	Registered Voters	1997	2.0	Internet	Nonpartisan	None
42.0	37.0		21.0	politico-morning-consult-28427	Politico/Morning Consult	2018-01-18	2018-01-20	If the election for U.S. Congress in your district was held today, which one of the following candidates are you most likely to vote for?	Registered Voters	1994	2.0	Internet	Nonpartisan	None
51.0	39.0	1.0	9.0	abc-post-28410	ABC/Post	2018-01-15	2018-01-18	If the election for the U.S. House of Representatives were being held today, would you vote for (the Democratic candidate) or (the Republican candidate) in your congressional district? Would you lean toward the (Democratic candidate) or toward the (Republican candidate)?	Registered Voters	846	4.0	Live Phone	Nonpartisan	None
51.0	41.0	3.0	6.0	cnn-28414	CNN	2018-01-14	2018-01-18	If the elections for Congress were being held today, which party's candidate would you vote for in your Congressional district?	Registered Voters	913	3.8	Live Phone	Nonpartisan	None
42.0	36.0	2.0	21.0	yougov-economist-28393	YouGov/Economist	2018-01-14	2018-01-16	If an election for U.S. Congress were being held today, who would you vote for in the district where you live?	Registered Voters	1327	2.9	Internet	Nonpartisan	None
37.0	32.0	3.0	28.0	ipsos-reuters-28397	Ipsos/Reuters	2018-01-12	2018-01-16	Thinking about the elections in 2018, if the election for U.S. Congress were held today, would you vote for the Democratic candidate or the Republican candidate in your district where you live?	Adults	1638		Internet	Nonpartisan	None
41.0	38.0		21.0	politico-morning-consult-28395	Politico/Morning Consult	2018-01-11	2018-01-16	If the election for U.S. Congress in your district was held today, which one of the following candidates are you most likely to vote for?	Registered Voters	1993	2.0	Internet	Nonpartisan	None
53.0	39.0		8.0	pew-28399	Pew	2018-01-10	2018-01-15	If the elections for U.S. Congress were being held TODAY, would you vote for [RANDOMIZE: “the Republican Party’s candidate” OR “the Democratic Party’s candidate”] for Congress in your district?	Registered Voters	1215		Live Phone	Nonpartisan	None
46.0	40.0	6.0	9.0	npr-pbs-newshour-marist-28402	NPR/PBS NewsHour/Marist	2018-01-08	2018-01-10	If the 2018 election for Congress were held today, which party's candidate are you more likely to vote for in your district:	Registered Voters	1092	3.0	Live Phone	Nonpartisan	None
44.0	37.0	2.0	17.0	yougov-economist-28383	YouGov/Economist	2018-01-08	2018-01-09	If an election for U.S. Congress were being held today, who would you vote for in the district where you live?	Registered Voters	1327	2.9	Internet	Nonpartisan	None
40.0	31.0	4.0	25.0	ipsos-reuters-28386	Ipsos/Reuters	2018-01-05	2018-01-09	Thinking about the elections in 2018, if the election for U.S. Congress were held today, would you vote for the Democratic candidate or the Republican candidate in your district where you live?	Adults	2492		Internet	Nonpartisan	None
44.0	36.0		20.0	politico-morning-consult-28387	Politico/Morning Consult	2018-01-04	2018-01-05	If the election for U.S. Congress in your district was held today, which one of the following candidates are you most likely to vote for?	Registered Voters	1991	2.0	Internet	Nonpartisan	None
42.0	36.0	2.0	20.0	yougov-economist-28373	YouGov/Economist	2017-12-31	2018-01-02	If an election for U.S. Congress were being held today, who would you vote for in the district where you live?	Registered Voters	1236	2.9	Internet	Nonpartisan	None
38.0	31.0	4.0	27.0	ipsos-reuters-28374	Ipsos/Reuters	2017-12-29	2018-01-02	Thinking about the elections in 2018, if the election for U.S. Congress were held today, would you vote for the Democratic candidate or the Republican candidate in your district where you live?	Adults	2492		Internet	Nonpartisan	None
44.0	36.0	3.0	18.0	yougov-economist-28364	YouGov/Economist	2017-12-24	2017-12-26	If an election for U.S. Congress were being held today, who would you vote for in the district where you live?	Registered Voters	1236	2.9	Internet	Nonpartisan	None
44.0	35.0	3.0	19.0	yougov-economist-28351	YouGov/Economist	2017-12-17	2017-12-19	If an election for U.S. Congress were being held today, who would you vote for in the district where you live?	Registered Voters	1291	2.8	Internet	Nonpartisan	None
39.0	27.0	4.0	30.0	ipsos-reuters-28357	Ipsos/Reuters	2017-12-15	2017-12-19	Thinking about the elections in 2018, if the election for U.S. Congress were held today, would you vote for the Democratic candidate or the Republican candidate in your district where you live?	Adults	2492		Internet	Nonpartisan	None
44.0	34.0		23.0	politico-morning-consult-28356	Politico/Morning Consult	2017-12-14	2017-12-18	If the election for U.S. Congress in your district was held today, which one of the following candidates are you most likely to vote for?	Registered Voters	1991	2.0	Internet	Nonpartisan	None
56.0	38.0	4.0	2.0	cnn-28352	CNN	2017-12-14	2017-12-17	If the elections for Congress were being held today, which party's candidate would you vote for in your Congressional district?	Registered Voters	898	3.8	Live Phone	Nonpartisan	None
51.0	40.0		9.0	ppp-d-28338	PPP (D)	2017-12-11	2017-12-12	Generally speaking if there was an election for Congress today, would you vote for the Democratic or Republican candidate from your district?	Likely Voters	862	3.3	IVR/Online	Pollster	Dem
44.0	36.0	2.0	19.0	yougov-economist-28331	YouGov/Economist	2017-12-10	2017-12-12	If an election for U.S. Congress were being held today, who would you vote for in the district where you live?	Registered Voters	1328		Internet	Nonpartisan	None
51.0	36.0	2.0	11.0	monmouth-university-28330	Monmouth University	2017-12-10	2017-12-12	If the election for U.S. Congress was held today, would you vote for the Republican or the Democratic candidate in your district?	Registered Voters	702	3.7	Live Phone	Nonpartisan	None
37.0	29.0	5.0	29.0	ipsos-reuters-28335	Ipsos/Reuters	2017-12-08	2017-12-12	Thinking about the elections in 2018, if the election for U.S. Congress were held today, would you vote for the Democratic candidate or the Republican candidate in your district where you live?	Adults	1572		Internet	Nonpartisan	None
41.0	36.0		23.0	politico-morning-consult-28332	Politico/Morning Consult	2017-12-08	2017-12-11	If the election for U.S. Congress in your district was held today, which one of the following candidates are you most likely to vote for?	Registered Voters	1955	2.0	Internet	Nonpartisan	None
50.0	37.0	7.0	7.0	marist-28325	Marist	2017-12-04	2017-12-07	If the 2018 election for Congress were held today, which party's candidate are you more likely to vote for in your district:	Registered Voters	1079	3.0	Live Phone	Nonpartisan	None
42.0	36.0	2.0	20.0	yougov-economist-28309	YouGov/Economist	2017-12-03	2017-12-05	If an election for U.S. Congress were being held today, who would you vote for in the district where you live?	Registered Voters	1337		Internet	Nonpartisan	None
37.0	31.0	5.0	27.0	ipsos-reuters-28313	Ipsos/Reuters	2017-12-01	2017-12-05	Thinking about the elections in 2018, if the election for U.S. Congress were held today, would you vote for the Democratic candidate or the Republican candidate in your district where you live?	Adults	1572		Internet	Nonpartisan	None
40.0	38.0		23.0	politico-morning-consult-28310	Politico/Morning Consult	2017-12-01	2017-12-03	If the election for U.S. Congress in your district was held today, which one of the following candidates are you most likely to vote for?	Registered Voters	1997	2.0	Internet	Nonpartisan	None
41.0	35.0	3.0	21.0	yougov-economist-28290	YouGov/Economist	2017-11-26	2017-11-28	If an election for U.S. Congress were being held today, who would you vote for in the district where you live?	Registered Voters	1313		Internet	Nonpartisan	None
36.0	30.0	5.0	29.0	ipsos-reuters-28291	Ipsos/Reuters	2017-11-24	2017-11-28	Thinking about the elections in 2018, if the election for U.S. Congress were held today, would you vote for the Democratic candidate or the Republican candidate in your district where you live?	Adults	1572		Internet	Nonpartisan	None
42.0	36.0		22.0	politico-morning-consult-28292	Politico/Morning Consult	2017-11-21	2017-11-25	If the election for U.S. Congress in your district was held today, which one of the following candidates are you most likely to vote for?	Registered Voters	1994	2.0	Internet	Nonpartisan	None
37.0	28.0	6.0	28.0	ipsos-reuters-28278	Ipsos/Reuters	2017-11-17	2017-11-22	Thinking about the elections in 2018, if the election for U.S. Congress were held today, would you vote for the Democratic candidate or the Republican candidate in your district where you live?	Adults	1572		Internet	Nonpartisan	None
42.0	33.0	2.0	23.0	yougov-economist-28274	YouGov/Economist	2017-11-19	2017-11-21	If an election for U.S. Congress were being held today, who would you vote for in the district where you live?	Registered Voters	1333		Internet	Nonpartisan	None
43.0	36.0		21.0	politico-morning-consult-28275	Politico/Morning Consult	2017-11-16	2017-11-19	If the election for U.S. Congress in your district was held today, which one of the following candidates are you most likely to vote for?	Registered Voters	2586	2.0	Internet	Nonpartisan	None
43.0	40.0	6.0	10.0	npr-pbs-newshour-marist-28273	NPR/PBS NewsHour/Marist	2017-11-13	2017-11-15	If the 2018 election for Congress were held today, which party's candidate are you more likely to vote for in your district:	Registered Voters	802	3.5	Live Phone	Nonpartisan	None
42.0	34.0	3.0	21.0	yougov-economist-28256	YouGov/Economist	2017-11-12	2017-11-14	If an election for U.S. Congress were being held today, who would you vote for in the district where you live?	Registered Voters	1277		Internet	Nonpartisan	None
38.0	31.0	4.0	28.0	ipsos-reuters-28260	Ipsos/Reuters	2017-11-10	2017-11-14	Thinking about the elections in 2018, if the election for U.S. Congress were held today, would you vote for the Democratic candidate or the Republican candidate in your district where you live?	Adults	1572		Internet	Nonpartisan	None
44.0	36.0		20.0	politico-morning-consult-28255	Politico/Morning Consult	2017-11-09	2017-11-11		Registered Voters	1993	2.0	Internet	Nonpartisan	None
51.0	36.0	6.0	8.0	marist-28253	Marist	2017-11-06	2017-11-09	If the 2018 election for Congress were held today, which party's candidate are you more likely to vote for in your district:	Registered Voters	850	3.4	Live Phone	Nonpartisan	None
40.0	33.0	3.0	24.0	yougov-economist-28238	YouGov/Economist	2017-11-05	2017-11-07	If an election for U.S. Congress were being held today, who would you vote for in the district where you live?	Registered Voters	1329		Internet	Nonpartisan	None
38.0	30.0	4.0	28.0	ipsos-reuters-28239	Ipsos/Reuters	2017-11-03	2017-11-07	Thinking about the elections in 2018, if the election for U.S. Congress were held today, would you vote for the Democratic candidate or the Republican candidate in your district where you live?	Adults	1572		Internet	Nonpartisan	None
38.0	39.0		23.0	politico-morning-consult-28241	Politico/Morning Consult	2017-11-02	2017-11-06		Registered Voters	1990	2.0	Internet	Nonpartisan	None
51.0	40.0	4.0	6.0	cnn-28232	CNN	2017-11-02	2017-11-05	If the elections for Congress were being held today, which party's candidate would you vote for in your Congressional district?	Registered Voters	910	3.8	Live Phone	Nonpartisan	None
51.0	40.0	1.0	8.0	abc-post-28233	ABC/Post	2017-10-29	2017-11-01	If the election for the U.S. House of Representatives were being held today, would you vote for (the Democratic candidate) or (the Republican candidate) in your congressional district? Would you lean toward the (Democratic candidate) or toward the (Republican candidate)?	Registered Voters	884	4.0	Live Phone	Nonpartisan	None
39.0	36.0	2.0	23.0	yougov-economist-28219	YouGov/Economist	2017-10-29	2017-10-31	If an election for U.S. Congress were being held today, who would you vote for in the district where you live?	Registered Voters	1278		Internet	Nonpartisan	None
40.0	31.0	5.0	24.0	ipsos-reuters-28221	Ipsos/Reuters	2017-10-27	2017-10-31	Thinking about the elections in 2018, if the election for U.S. Congress were held today, would you vote for the Democratic candidate or the Republican candidate in your district where you live?	Adults	1798		Internet	Nonpartisan	None
43.0	38.0		19.0	politico-morning-consult-28220	Politico/Morning Consult	2017-10-26	2017-10-30		Registered Voters	1990	2.0	Internet	Nonpartisan	None
44.0	37.0	6.0	14.0	prri-28306	PRRI	2017-10-18	2017-10-30	Now, suppose the 2018 congressional election was being held TODAY. If you had to choose between [READ AND ROTATE] in your election district, who would you vote for?	Registered Voters	1699	2.9	Live Phone	Nonpartisan	None
50.0	35.0	4.0	11.0	fox-28201	FOX	2017-10-22	2017-10-24	If the election for Congress were held today, would you vote for the Democratic candidate in your district or the Republican candidate in your district? [IF UNDECIDED: Well, if you had to vote, which way would you lean?]	Registered Voters	1005	3.0	Live Phone	Nonpartisan	None
40.0	33.0	2.0	24.0	yougov-economist-28197	YouGov/Economist	2017-10-22	2017-10-24	If an election for U.S. Congress were being held today, who would you vote for in the district where you live?	Registered Voters	1310		Internet	Nonpartisan	None
36.0	28.0	5.0	31.0	ipsos-reuters-28200	Ipsos/Reuters	2017-10-20	2017-10-24	Thinking about the elections in 2018, if the election for U.S. Congress were held today, would you vote for the Democratic candidate or the Republican candidate in your district where you live?	Adults	2352		Internet	Nonpartisan	None
42.0	36.0		22.0	politico-morning-consult-28198	Politico/Morning Consult	2017-10-19	2017-10-23		Registered Voters	1988	2.0	Internet	Nonpartisan	None
41.0	33.0	2.0	23.0	yougov-economist-28178	YouGov/Economist	2017-10-15	2017-10-16	If an election for U.S. Congress were being held today, who would you vote for in the district where you live?	Registered Voters	1320		Internet	Nonpartisan	None
42.0	37.0		21.0	politico-morning-consult-28181	Politico/Morning Consult	2017-10-12	2017-10-16		Registered Voters	1991	2.0	Internet	Nonpartisan	None
54.0	38.0	3.0	6.0	cnn-28176	CNN	2017-10-12	2017-10-15	If the elections for Congress were being held today, which party's candidate would you vote for in your Congressional district?	Registered Voters	894	3.8	Live Phone	Nonpartisan	None
40.0	33.0	2.0	24.0	yougov-economist-28160	YouGov/Economist	2017-10-07	2017-10-10	If an election for U.S. Congress were being held today, who would you vote for in the district where you live?	Registered Voters	1272		Internet	Nonpartisan	None
43.0	37.0		20.0	politico-morning-consult-28162	Politico/Morning Consult	2017-10-05	2017-10-09		Registered Voters	1996	2.0	Internet	Nonpartisan	None
39.0	32.0	3.0	25.0	yougov-economist-28141	YouGov/Economist	2017-10-01	2017-10-03	If an election for U.S. Congress were being held today, who would you vote for in the district where you live?	Registered Voters	1293		Internet	Nonpartisan	None
41.0	39.0		20.0	politico-morning-consult-28144	Politico/Morning Consult	2017-09-29	2017-10-01		Registered Voters	1992	2.0	Internet	Nonpartisan	None
40.0	34.0	2.0	24.0	yougov-economist-28119	YouGov/Economist	2017-09-24	2017-09-26	If an election for U.S. Congress were being held today, who would you vote for in the district where you live?	Registered Voters	1245		Internet	Nonpartisan	None
48.0	37.0		15.0	ppp-d-28129	PPP (D)	2017-09-22	2017-09-25	Generally speaking if there was an election for Congress today, would you vote for the Democratic or Republican candidate from your district?	Likely Voters	865	3.3	IVR/Online	Pollster	Dem
42.0	38.0		20.0	politico-morning-consult-28126	Politico/Morning Consult	2017-09-22	2017-09-24		Registered Voters	1987	2.0	Internet	Nonpartisan	None
49.0	43.0	2.0	5.0	cnn-28124	CNN	2017-09-17	2017-09-20	If the elections for Congress were being held today, which party's candidate would you vote for in your Congressional district?	Registered Voters	939	3.9	Live Phone	Nonpartisan	None
39.0	33.0	3.0	24.0	yougov-economist-28096	YouGov/Economist	2017-09-17	2017-09-19	If an election for U.S. Congress were being held today, who would you vote for in the district where you live?	Registered Voters	1278		Internet	Nonpartisan	None
43.0	37.0		20.0	politico-morning-consult-28097	Politico/Morning Consult	2017-09-14	2017-09-17		Registered Voters	1994	2.0	Internet	Nonpartisan	None
40.0	31.0	3.0	26.0	yougov-economist-28080	YouGov/Economist	2017-09-10	2017-09-12	If an election for U.S. Congress were being held today, who would you vote for in the district where you live?	Registered Voters	1309		Internet	Nonpartisan	None
40.0	37.0		23.0	politico-morning-consult-28081	Politico/Morning Consult	2017-09-07	2017-09-11		Registered Voters	1976	2.0	Internet	Nonpartisan	None
39.0	33.0	3.0	25.0	yougov-economist-28064	YouGov/Economist	2017-09-03	2017-09-05	If an election for U.S. Congress were being held today, who would you vote for in the district where you live?	Registered Voters	1303		Internet	Nonpartisan	None
43.0	38.0		19.0	politico-morning-consult-28065	Politico/Morning Consult	2017-08-31	2017-09-03		Registered Voters	1993	2.0	Internet	Nonpartisan	None
40.0	32.0	3.0	26.0	yougov-economist-28046	YouGov/Economist	2017-08-27	2017-08-29	If an election for U.S. Congress were being held today, who would you vote for in the district where you live?	Registered Voters	1278		Internet	Nonpartisan	None
40.0	36.0		24.0	politico-morning-consult-28050	Politico/Morning Consult	2017-08-24	2017-08-28		Registered Voters	1999	2.0	Internet	Nonpartisan	None
39.0	33.0	3.0	25.0	yougov-economist-28028	YouGov/Economist	2017-08-20	2017-08-22	If an election for U.S. Congress were being held today, who would you vote for in the district where you live?	Registered Voters	1316		Internet	Nonpartisan	None
49.0	35.0		15.0	ppp-d-28026	PPP (D)	2017-08-18	2017-08-21	Generally speaking if there was an election for Congress today, would you vote for the Democratic or Republican candidate from your district?	Likely Voters	887	3.3	IVR/Online	Pollster	Dem
41.0	36.0		22.0	politico-morning-consult-28029	Politico/Morning Consult	2017-08-17	2017-08-19		Registered Voters	1987	2.0	Internet	Nonpartisan	None
46.0	40.0		14.0	gwu-battleground-28034	GWU/Battleground	2017-08-13	2017-08-17	If the election for Congress were being held today, and you had to make a choice, would you be voting for the Republican candidate or the Democrat candidate, in your district?	Registered Voters	1000	3.1	Live Phone	Nonpartisan	None
41.0	33.0	3.0	24.0	yougov-economist-28009	YouGov/Economist	2017-08-13	2017-08-15	If an election for U.S. Congress were being held today, who would you vote for in the district where you live?	Registered Voters	1282		Internet	Nonpartisan	None
40.0	38.0		22.0	politico-morning-consult-28008	Politico/Morning Consult	2017-08-10	2017-08-14		Registered Voters	1997	2.0	Internet	Nonpartisan	None
47.0	40.0	5.0	8.0	marist-28007	Marist	2017-08-08	2017-08-12	If the 2018 election for Congress were held today, which party's candidate are you more likely to vote for in your district?	Registered Voters	883	3.3	Live Phone	Nonpartisan	None
39.0	34.0	4.0	24.0	yougov-economist-27987	YouGov/Economist	2017-08-06	2017-08-08	If an election for U.S. Congress were being held today, who would you vote for in the district where you live?	Registered Voters	1303		Internet	Nonpartisan	None
51.0	42.0	3.0	4.0	cnn-27992	CNN	2017-08-03	2017-08-06	If the elections for Congress were being held today, which party's candidate would you vote for in your Congressional district?	Registered Voters	921	3.7	Live Phone	Nonpartisan	None
43.0	36.0		22.0	politico-morning-consult-27989	Politico/Morning Consult	2017-08-03	2017-08-06		Registered Voters	1992	2.0	Internet	Nonpartisan	None
39.0	34.0	3.0	25.0	yougov-economist-27970	YouGov/Economist	2017-07-31	2017-08-01	If an election for U.S. Congress were being held today, who would you vote for in the district where you live?	Registered Voters	1316		Internet	Nonpartisan	None
44.0	37.0		19.0	politico-morning-consult-27971	Politico/Morning Consult	2017-07-27	2017-07-29		Registered Voters	1972	2.0	Internet	Nonpartisan	None
40.0	34.0	3.0	23.0	yougov-economist-27951	YouGov/Economist	2017-07-23	2017-07-25	If an election for U.S. Congress were being held today, who would you vote for in the district where you live?	Registered Voters	1282		Internet	Nonpartisan	None
40.0	40.0		20.0	politico-morning-consult-27955	Politico/Morning Consult	2017-07-20	2017-07-24		Registered Voters	3981	2.0	Internet	Nonpartisan	None
40.0	34.0	3.0	22.0	yougov-economist-27931	YouGov/Economist	2017-07-15	2017-07-18	If an election for U.S. Congress were being held today, who would you vote for in the district where you live?	Registered Voters	1264		Internet	Nonpartisan	None
50.0	40.0		10.0	ppp-d-27925	PPP (D)	2017-07-14	2017-07-17	Generally speaking if there was an election for Congress today, would you vote for the Democratic or Republican candidate from your district?	Likely Voters	836	3.4	IVR/Online	Pollster	Dem
42.0	40.0		19.0	politico-morning-consult-27948	Politico/Morning Consult	2017-07-13	2017-07-15		Registered Voters	1994	2.0	Internet	Nonpartisan	None
39.0	32.0	3.0	25.0	yougov-economist-27908	YouGov/Economist	2017-07-09	2017-07-11	If an election for U.S. Congress were being held today, who would you vote for in the district where you live?	Registered Voters	1274		Internet	Nonpartisan	None
43.0	40.0		17.0	politico-morning-consult-27910	Politico/Morning Consult	2017-07-07	2017-07-09		Registered Voters	1983	2.0	Internet	Nonpartisan	None
37.0	35.0	3.0	25.0	yougov-economist-27893	YouGov/Economist	2017-07-03	2017-07-04	If an election for U.S. Congress were being held today, who would you vote for in the district where you live?	Registered Voters	1310		Internet	Nonpartisan	None
43.0	39.0		18.0	politico-morning-consult-27892	Politico/Morning Consult	2017-06-29	2017-06-30		Registered Voters	1989	2.0	Internet	Nonpartisan	None
47.0	41.0	4.0	8.0	fox-27877	FOX	2017-06-25	2017-06-27		Registered Voters	1017	3.0	Live Phone	Nonpartisan	None
41.0	35.0	3.0	22.0	yougov-economist-27873	YouGov/Economist	2017-06-25	2017-06-27		Registered Voters	1279		Internet	Nonpartisan	None
48.0	38.0	6.0	8.0	npr-pbs-newshour-marist-27872	NPR/PBS NewsHour/Marist	2017-06-21	2017-06-25	If the 2018 election for Congress were held today, which party's candidate are you more likely to vote for in your district?	Registered Voters			Live Phone	Nonpartisan	None
42.0	40.0		18.0	politico-morning-consult-27874	Politico/Morning Consult	2017-06-22	2017-06-24		Registered Voters	1994	2.0	Internet	Nonpartisan	None
38.0	35.0	2.0	24.0	yougov-economist-27851	YouGov/Economist	2017-06-18	2017-06-20		Registered Voters	1271		Internet	Nonpartisan	None
43.0	37.0		19.0	politico-morning-consult-27853	Politico/Morning Consult	2017-06-15	2017-06-19		Registered Voters	2051	2.0	Internet	Nonpartisan	None
38.0	36.0	2.0	23.0	yougov-economist-27828	YouGov/Economist	2017-06-11	2017-06-13		Registered Voters	1298		Internet	Nonpartisan	None
42.0	39.0		19.0	politico-morning-consult-27845	Politico/Morning Consult	2017-06-08	2017-06-12		Registered Voters	1999	2.0	Internet	Nonpartisan	None
50.0	40.0		10.0	ppp-d-27820	PPP (D)	2017-06-09	2017-06-11	Generally speaking if there was an election for Congress today, would you vote for the Democratic or Republican candidate from your district?	Likely Voters	811	3.4	IVR/Online	Pollster	Dem
41.0	37.0	2.0	19.0	yougov-economist-27791	YouGov/Economist	2017-06-04	2017-06-06		Registered Voters	1275		Internet	Nonpartisan	None
42.0	39.0		19.0	politico-morning-consult-27789	Politico/Morning Consult	2017-06-01	2017-06-02		Registered Voters	1999	2.0	Internet	Nonpartisan	None
39.0	33.0	4.0	24.0	yougov-economist-27758	YouGov/Economist	2017-05-27	2017-05-30		Registered Voters	1266		Internet	Nonpartisan	None
43.0	39.0		18.0	politico-morning-consult-27757	Politico/Morning Consult	2017-05-25	2017-05-30		Registered Voters	1991	2.0	Internet	Nonpartisan	None
38.0	36.0	2.0	24.0	yougov-economist-27725	YouGov/Economist	2017-05-20	2017-05-23		Registered Voters	1266		Internet	Nonpartisan	None
41.0	37.0		22.0	politico-morning-consult-27724	Politico/Morning Consult	2017-05-18	2017-05-22		Registered Voters	1938	2.0	Internet	Nonpartisan	None
40.0	33.0	3.0	24.0	yougov-economist-27687	YouGov/Economist	2017-05-13	2017-05-16		Registered Voters	1293		Internet	Nonpartisan	None
42.0	35.0		23.0	politico-morning-consult-27686	Politico/Morning Consult	2017-05-12	2017-05-14		Registered Voters	2001	2.0	Internet	Nonpartisan	None
49.0	38.0		13.0	ppp-d-27680	PPP (D)	2017-05-12	2017-05-14	Generally speaking if there was an election for Congress today, would you vote for the Democratic or Republican candidate from your district?	Likely Voters	692	3.7	IVR/Online	Pollster	Dem
42.0	37.0		21.0	politico-morning-consult-27660	Politico/Morning Consult	2017-05-09	2017-05-11		Registered Voters	1731	2.0	Internet	Nonpartisan	None
40.0	35.0	3.0	22.0	yougov-economist-27650	YouGov/Economist	2017-05-06	2017-05-09		Registered Voters	1278		Internet	Nonpartisan	None
42.0	36.0		22.0	politico-morning-consult-27647	Politico/Morning Consult	2017-05-04	2017-05-06		Registered Voters	1996	2.0	Internet	Nonpartisan	None
38.0	35.0	3.0	24.0	yougov-economist-27606	YouGov/Economist	2017-04-29	2017-05-02		Registered Voters			Internet	Nonpartisan	None
41.0	41.0		18.0	politico-morning-consult-27605	Politico/Morning Consult	2017-04-27	2017-04-30		Registered Voters	1998	2.0	Internet	Nonpartisan	None
47.0	42.0	2.0	8.0	fox-27558	FOX	2017-04-23	2017-04-25		Registered Voters	1009	3.0	Live Phone	Nonpartisan	None
39.0	34.0	3.0	24.0	yougov-economist-27554	YouGov/Economist	2017-04-23	2017-04-25		Registered Voters	1289		Internet	Nonpartisan	None
50.0	41.0	6.0	3.0	cnn-27582	CNN	2017-04-22	2017-04-25	If the elections for Congress were being held today, which party's candidate would you vote for in your Congressional district?	Adults	1009	3.0	Live Phone	Nonpartisan	None
40.0	44.0		16.0	politico-morning-consult-27548	Politico/Morning Consult	2017-04-20	2017-04-24		Registered Voters	2032	2.0	Internet	Nonpartisan	None
47.0	42.0		11.0	gravis-marketing-orlando-political-observer-27542	Gravis Marketing/Orlando Political Observer	2017-04-17	2017-04-20	If the elections for Congress were held today, would you vote for a republican or a democrat?	Registered Voters	1665	2.4	IVR/Online	Nonpartisan	None
47.0	41.0		12.0	ppp-d-27515	PPP (D)	2017-04-17	2017-04-18	Generally speaking if there was an election for Congress today, would you vote for the Democratic or Republican candidate from your district?	Likely Voters	648	3.9	IVR/Online	Pollster	Dem
38.0	32.0	2.0	27.0	yougov-economist-27504	YouGov/Economist	2017-04-15	2017-04-18		Registered Voters	1284		Internet	Nonpartisan	None
40.0	40.0		20.0	politico-morning-consult-27511	Politico/Morning Consult	2017-04-13	2017-04-15		Registered Voters	1992	2.0	Internet	Nonpartisan	None
45.0	38.0	7.0	10.0	mcclatchy-marist-27480	McClatchy/Marist	2017-04-11	2017-04-12	If the 2018 election for Congress were held today, which party's candidate are you more likely to vote for in your district?	Registered Voters	869	3.3	Live Phone	Nonpartisan	None
40.0	37.0	2.0	21.0	yougov-economist-27463	YouGov/Economist	2017-04-10	2017-04-11		Registered Voters	1324		Internet	Nonpartisan	None
43.0	40.0		17.0	politico-morning-consult-27459	Politico/Morning Consult	2017-04-06	2017-04-09		Registered Voters	1988	2.0	Internet	Nonpartisan	None
41.0	39.0		19.0	politico-morning-consult-27416	Politico/Morning Consult	2017-03-30	2017-04-01		Registered Voters	1995	2.0	Internet	Nonpartisan	None
48.0	43.0		9.0	ppp-d-27387	PPP (D)	2017-03-27	2017-03-28	Generally speaking if there was an election for Congress today, would you vote for the Democratic or Republican candidate from your district?	Likely Voters	677	3.8	IVR/Online	Pollster	Dem
47.0	38.0	8.0	7.0	mcclatchy-marist-27393	McClatchy/Marist	2017-03-22	2017-03-27	If the 2018 election for Congress were held today, which party's candidate are you more likely to vote for in your district?	Registered Voters	906	3.3	Live Phone	Nonpartisan	None
46.0	41.0		13.0	ppp-d-27294	PPP (D)	2017-03-10	2017-03-12	Generally speaking if there was an election for Congress today, would you vote for the Democratic or Republican candidate from your district?	Likely Voters	808	3.4	IVR/Online	Pollster	Dem
46.0	43.0		11.0	ppp-d-27155	PPP (D)	2017-02-21	2017-02-22	Generally speaking if there was an election for Congress today, would you vote for the Democratic or Republican candidate from your district?	Likely Voters	941	3.2	IVR/Online	Pollster	Dem
49.0	41.0		10.0	ppp-d-27102	PPP (D)	2017-02-07	2017-02-08	Generally speaking if there was an election for Congress today, would you vote for the Democratic or Republican candidate from your district?	Likely Voters	712	3.7	IVR/Online	Pollster	Dem
45.0	42.0		13.0	ppp-d-27075	PPP (D)	2017-01-30	2017-01-31	Generally speaking if there was an election for Congress today, would you vote for the Democratic or Republican candidate from your district?	Likely Voters	725	3.6	IVR/Online	Pollster	Dem
48.0	40.0		12.0	ppp-d-27052	PPP (D)	2017-01-23	2017-01-24	Generally speaking if there was an election for Congress today, would you vote for the Democratic or Republican candidate from your district?	Likely Voters	1043	3.0	IVR/Online	Pollster	Dem